{"_step":12,"val_loss":0.5690709948539734,"epoch":1,"_timestamp":1.7524378329368026e+09,"field_reconstruction":{"_type":"image-file","sha256":"f9537159cd7d079d9b6f35b9a6a0e19e1d3a7f664659279024464412437c0a51","size":417427,"path":"media/images/field_reconstruction_11_f9537159cd7d079d9b6f.png","format":"png","width":3600,"height":1200},"trainer/global_step":195,"_runtime":383.620382256,"lr-AdamW":5e-05,"train_loss":0.6518402099609375,"_wandb":{"runtime":388}}