{"_runtime":40.193305168,"_step":0,"trainer/global_step":0,"field_reconstruction":{"sha256":"5312d3faa651d93f748205a8bac3ea62e335a47446f2458d5f2ccae5b31dd45e","size":525899,"path":"media/images/field_reconstruction_0_5312d3faa651d93f7482.png","format":"png","width":3600,"height":1200,"_type":"image-file"},"_timestamp":1.7524358307223442e+09,"_wandb":{"runtime":42}}