{"_timestamp":1.7524371094359016e+09,"epoch":4,"_step":68,"lr-AdamW":5e-05,"train_loss":0.5563653707504272,"_wandb":{"runtime":1281},"_runtime":1260.721553671,"trainer/global_step":1459,"val_loss":0.42329075932502747,"field_reconstruction":{"width":3600,"height":1200,"_type":"image-file","sha256":"ef2c953da95c0ac76ebe411893ee3531b8cc01ba47c6918f4a26d7f6502b4df9","size":401772,"path":"media/images/field_reconstruction_67_ef2c953da95c0ac76ebe.png","format":"png"}}